distancia_m,profundidad_mm,corrida_ILI,tipo_defecto,largo,ancho,latitud,longitud,posicion_horaria_hh_mm,tipo_anomalia,posicion_pared,reduccion_diametro_o_deformacion_porcentaje,comentarios,junta_anterior_m,junta_posterior_m,estado_A_I_R
10.893,1.8,ROSEN_2019,PITT,19,21,3.782118731,-71.45074959,12:00,corrosion,EXT,na,na,3,9,A
18.986,1.4,ROSEN_2019,Circumferential Grooving,17,37,3.782052405,-71.45078792,13:00,corrosion,EXT,na,na,3,9,A
19.01,1.1,ROSEN_2019,Pitting,19,25,3.782052208,-71.45078804,14:00,corrosion,EXT,na,na,3,9,A
19.087,1.4,ROSEN_2019,Pitting,14,25,3.782051577,-71.4507884,15:00,corrosion,EXT,na,na,3,9,A
19.108,1.3,ROSEN_2019,Pitting,26,34,3.782051405,-71.4507885,16:00,corrosion,EXT,na,na,3,9,A
144.717,1.8,ROSEN_2019,Pitting,11,15,3.780956222,-71.45123219,17:00,corrosion,EXT,na,na,3,9,A
620.017,1.4,ROSEN_2019,Pitting,37,26,3.776847244,-71.4530202,18:00,corrosion,EXT,na,na,3,9,A
620.689,1.4,ROSEN_2019,Pitting,39,23,3.77684128,-71.45302241,19:00,corrosion,EXT,na,na,3,9,A
621.989,2,ROSEN_2019,Pitting,22,30,3.776829741,-71.45302668,20:00,corrosion,EXT,na,na,3,9,A
622.873,1.9,ROSEN_2019,General,31,44,3.776821894,-71.45302959,21:00,corrosion,EXT,na,na,3,9,A
625.497,1.9,ROSEN_2019,Pitting,21,31,3.776798604,-71.45303821,22:00,corrosion,EXT,na,na,3,9,A
629.142,1.1,ROSEN_2019,Pitting,21,30,3.776766251,-71.4530502,23:00,corrosion,EXT,na,na,3,9,A
637.175,1,ROSEN_2019,Pitting,27,31,3.776694953,-71.45307662,0:00,corrosion,EXT,na,na,3,9,A
637.368,1,ROSEN_2019,Axial Grooving,54,15,3.77669324,-71.45307725,1:00,corrosion,EXT,na,na,3,9,A
637.501,1.9,ROSEN_2019,Axial Grooving,52,15,3.776692059,-71.45307769,2:00,corrosion,EXT,na,na,3,9,A
638.408,1.4,ROSEN_2019,General,45,46,3.776684009,-71.45308067,3:00,corrosion,EXT,na,na,3,9,A
639.104,1.6,ROSEN_2019,Pitting,20,27,3.776677832,-71.45308296,4:00,corrosion,EXT,na,na,3,9,A
640.067,2,ROSEN_2019,Pitting,27,21,3.776669284,-71.45308613,5:00,corrosion,EXT,na,na,3,9,A
640.298,2,ROSEN_2019,General,35,35,3.776667234,-71.45308689,6:00,corrosion,EXT,na,na,3,9,A
640.318,1.8,ROSEN_2019,General,30,42,3.776667056,-71.45308696,7:00,corrosion,EXT,na,na,3,9,A
640.403,1.4,ROSEN_2019,Pitting,43,24,3.776666302,-71.45308723,8:00,corrosion,EXT,na,na,3,9,A
640.48,1.6,ROSEN_2019,General,44,34,3.776665619,-71.45308749,9:00,corrosion,EXT,na,na,3,9,A
640.653,1.5,ROSEN_2019,Pitting,21,27,3.776664083,-71.45308806,10:00,corrosion,EXT,na,na,3,9,A
640.654,1.8,ROSEN_2019,General,54,37,3.776664074,-71.45308806,11:00,corrosion,EXT,na,na,3,9,A
640.674,1.1,ROSEN_2019,Pitting,18,18,3.776663897,-71.45308813,12:00,corrosion,EXT,na,na,3,9,A
641.992,1.4,ROSEN_2019,Pitting,28,15,3.776652199,-71.45309246,13:00,corrosion,EXT,na,na,3,9,A
642.592,1.7,ROSEN_2019,Pitting,21,20,3.776646873,-71.45309443,14:00,corrosion,EXT,na,na,3,9,A
642.87,2,ROSEN_2019,Pitting,13,17,3.776644406,-71.45309535,15:00,corrosion,EXT,na,na,3,9,A
642.893,1,ROSEN_2019,Axial Grooving,44,15,3.776644202,-71.45309542,16:00,corrosion,EXT,na,na,3,9,A
643.108,1.1,ROSEN_2019,General,32,51,3.776642293,-71.45309613,17:00,corrosion,EXT,na,na,3,9,A
643.119,2,ROSEN_2019,Pitting,17,15,3.776642196,-71.45309617,18:00,corrosion,EXT,na,na,3,9,A
643.299,1,ROSEN_2019,Pitting,12,15,3.776640598,-71.45309676,19:00,corrosion,EXT,na,na,3,9,A
643.473,1.1,ROSEN_2019,Pitting,14,18,3.776639054,-71.45309733,20:00,corrosion,EXT,na,na,3,9,A
643.517,1.8,ROSEN_2019,Pitting,11,15,3.776638663,-71.45309748,21:00,corrosion,EXT,na,na,3,9,A
643.548,1.6,ROSEN_2019,Pitting,10,15,3.776638388,-71.45309758,22:00,corrosion,EXT,na,na,3,9,A
643.574,1.6,ROSEN_2019,Pitting,20,15,3.776638157,-71.45309766,23:00,corrosion,EXT,na,na,3,9,A
643.582,1.5,ROSEN_2019,Pitting,19,24,3.776638086,-71.45309769,0:00,corrosion,EXT,na,na,3,9,A
643.608,1.8,ROSEN_2019,Circumferential Grooving,14,30,3.776637855,-71.45309778,1:00,corrosion,EXT,na,na,3,9,A
643.613,1.8,ROSEN_2019,Pitting,14,15,3.776637811,-71.45309779,2:00,corrosion,EXT,na,na,3,9,A
643.621,1.6,ROSEN_2019,Pitting,10,17,3.77663774,-71.45309782,3:00,corrosion,EXT,na,na,3,9,A
643.621,1.1,ROSEN_2019,Pitting,11,15,3.77663774,-71.45309782,4:00,corrosion,EXT,na,na,3,9,A
643.647,1,ROSEN_2019,Pitting,10,15,3.776637509,-71.4530979,5:00,corrosion,EXT,na,na,3,9,A
643.658,1.2,ROSEN_2019,General,48,125,3.776637412,-71.45309794,6:00,corrosion,EXT,na,na,3,9,A
643.662,1,ROSEN_2019,Circumferential Grooving,12,36,3.776637376,-71.45309795,7:00,corrosion,EXT,na,na,3,9,A
643.675,1,ROSEN_2019,Pitting,13,15,3.776637261,-71.453098,8:00,corrosion,EXT,na,na,3,9,A
643.7,1.8,ROSEN_2019,Pitting,18,17,3.776637039,-71.45309808,9:00,corrosion,EXT,na,na,3,9,A
643.709,1.7,ROSEN_2019,Circumferential Slotting,8,24,3.776636959,-71.45309811,10:00,corrosion,EXT,na,na,3,9,A
643.74,1,ROSEN_2019,Pitting,22,27,3.776636684,-71.45309821,11:00,corrosion,EXT,na,na,3,9,A
643.777,1.9,ROSEN_2019,Pitting,14,15,3.776636355,-71.45309833,12:00,corrosion,EXT,na,na,3,9,A
643.79,2,ROSEN_2019,Pitting,16,30,3.77663624,-71.45309837,13:00,corrosion,EXT,na,na,3,9,A
643.824,1.1,ROSEN_2019,General,32,32,3.776635938,-71.45309849,14:00,corrosion,EXT,na,na,3,9,A
643.846,1.8,ROSEN_2019,Pitting,18,20,3.776635743,-71.45309856,15:00,corrosion,EXT,na,na,3,9,A
643.847,1.8,ROSEN_2019,Pitting,13,20,3.776635734,-71.45309856,16:00,corrosion,EXT,na,na,3,9,A
643.848,1.3,ROSEN_2019,Pitting,14,25,3.776635725,-71.45309856,17:00,corrosion,EXT,na,na,3,9,A
643.893,2,ROSEN_2019,Pitting,21,21,3.776635326,-71.45309871,18:00,corrosion,EXT,na,na,3,9,A
644.037,1.4,ROSEN_2019,Pitting,14,23,3.776634048,-71.45309919,19:00,corrosion,EXT,na,na,3,9,A
644.446,1.1,ROSEN_2019,Pitting,29,19,3.776630418,-71.45310053,20:00,corrosion,EXT,na,na,3,9,A
1532.783,0.01,ROSEN_2019,Pitting,12,15,3.779390512,-71.46051096,21:00,corrosion,EXT,na,na,3,9,A
1665.147,0.01,ROSEN_2019,Pitting,12,15,3.779635146,-71.46173973,22:00,corrosion,EXT,na,na,3,9,A
2063.553,0.01,ROSEN_2019,Pitting,13,15,3.780325935,-71.46544691,23:00,corrosion,EXT,na,na,3,9,A
2358.683,0.01,ROSEN_2019,Pitting,13,15,3.780843301,-71.46819193,0:00,corrosion,EXT,na,na,3,9,A
2449.86,0.01,ROSEN_2019,Pitting,11,15,3.781006737,-71.46903619,1:00,corrosion,EXT,na,na,3,9,A
2462.639,0.01,ROSEN_2019,Pitting,12,15,3.781029673,-71.46915495,2:00,corrosion,EXT,na,na,3,9,A
2755.089,0.01,ROSEN_2019,Pitting,44,28,3.781123586,-71.47188022,3:00,corrosion,EXT,na,na,3,9,A
2766.99,0.01,ROSEN_2019,Pitting,47,25,3.781132252,-71.47199253,4:00,corrosion,EXT,na,na,3,9,A
2767.943,0.01,ROSEN_2019,Pitting,29,30,3.781132946,-71.47200153,5:00,corrosion,EXT,na,na,3,9,A
3135.974,0.01,ROSEN_2019,Pitting,11,15,3.781039916,-71.4754796,6:00,corrosion,EXT,na,na,3,9,A
3165.48,0.01,ROSEN_2019,General,38,52,3.78102104,-71.47575821,7:00,corrosion,EXT,na,na,3,9,A
3165.743,0.01,ROSEN_2019,Pitting,10,15,3.781020942,-71.4757607,8:00,corrosion,EXT,na,na,3,9,A
3165.749,0.01,ROSEN_2019,Axial Grooving,36,15,3.78102094,-71.47576075,9:00,corrosion,EXT,na,na,3,9,A
3165.768,0.01,ROSEN_2019,Circumferential Grooving,15,45,3.781020933,-71.47576093,10:00,corrosion,EXT,na,na,3,9,A
3165.794,0.01,ROSEN_2019,Circumferential Grooving,15,43,3.781020924,-71.47576118,11:00,corrosion,EXT,na,na,3,9,A
3165.8,0.01,ROSEN_2019,Pitting,11,15,3.781020921,-71.47576124,12:00,corrosion,EXT,na,na,3,9,A
3165.853,0.01,ROSEN_2019,Circumferential Slotting,8,15,3.781020902,-71.47576174,13:00,corrosion,EXT,na,na,3,9,A
3165.877,0.01,ROSEN_2019,General,33,49,3.781020893,-71.47576196,14:00,corrosion,EXT,na,na,3,9,A
3165.877,0.01,ROSEN_2019,Circumferential Grooving,20,88,3.781020893,-71.47576196,15:00,corrosion,EXT,na,na,3,9,A
3166.08,0.01,ROSEN_2019,Pitting,17,16,3.781020818,-71.47576388,16:00,corrosion,EXT,na,na,3,9,A
3166.601,0.01,ROSEN_2019,Pitting,19,35,3.781020625,-71.47576881,17:00,corrosion,EXT,na,na,3,9,A
3166.639,0.01,ROSEN_2019,General,32,81,3.781020611,-71.47576917,18:00,corrosion,EXT,na,na,3,9,A
3166.643,0.01,ROSEN_2019,Axial Grooving,34,16,3.78102061,-71.47576921,19:00,corrosion,EXT,na,na,3,9,A
3166.646,0.01,ROSEN_2019,Circumferential Grooving,23,47,3.781020609,-71.47576924,20:00,corrosion,EXT,na,na,3,9,A
3166.648,0.01,ROSEN_2019,General,46,48,3.781020608,-71.47576926,21:00,corrosion,EXT,na,na,3,9,A
3166.698,0.01,ROSEN_2019,Pitting,10,15,3.781020589,-71.47576973,22:00,corrosion,EXT,na,na,3,9,A
3166.739,0.01,ROSEN_2019,Circumferential Grooving,14,29,3.781020574,-71.47577012,23:00,corrosion,EXT,na,na,3,9,A
3167.313,0.01,ROSEN_2019,Pitting,25,20,3.781020362,-71.47577555,0:00,corrosion,EXT,na,na,3,9,A
3167.464,0.01,ROSEN_2019,Axial Grooving,42,16,3.781020306,-71.47577698,1:00,corrosion,EXT,na,na,3,9,A
3167.489,0.01,ROSEN_2019,Pitting,16,30,3.781020297,-71.47577721,2:00,corrosion,EXT,na,na,3,9,A
3168.425,0.01,ROSEN_2019,General,50,40,3.781019951,-71.47578606,3:00,corrosion,EXT,na,na,3,9,A
3410.187,0.01,ROSEN_2019,Pitting,12,15,3.781898161,-71.47784272,4:00,corrosion,EXT,na,na,3,9,A
3436.179,0.01,ROSEN_2019,Pitting,13,15,3.78202056,-71.47805614,5:00,corrosion,EXT,na,na,3,9,A
3572.23,0.01,ROSEN_2019,Pitting,13,16,3.782654715,-71.47917694,6:00,corrosion,EXT,na,na,3,9,A
4438.158,0.01,ROSEN_2019,Pitting,14,15,3.783180658,-71.486999,7:00,corrosion,EXT,na,na,3,9,A
4725.121,0.01,ROSEN_2019,Pitting,11,15,3.783468056,-71.48969797,8:00,corrosion,EXT,na,na,3,9,A
5633.279,0.01,ROSEN_2019,General,38,53,3.785709798,-71.49794626,9:00,corrosion,EXT,na,na,3,9,A
5633.585,0.01,ROSEN_2019,Pitting,16,16,3.785710106,-71.49794914,10:00,corrosion,EXT,na,na,3,9,A
5633.7,0.01,ROSEN_2019,Axial Grooving,47,19,3.785710222,-71.49795022,11:00,corrosion,EXT,na,na,3,9,A
5633.772,0.01,ROSEN_2019,Pitting,18,15,3.785710294,-71.4979509,12:00,corrosion,EXT,na,na,3,9,A
5633.803,0.01,ROSEN_2019,General,51,40,3.785710325,-71.49795119,13:00,corrosion,EXT,na,na,3,9,A
5633.827,0.01,ROSEN_2019,General,32,55,3.785710349,-71.49795141,14:00,corrosion,EXT,na,na,3,9,A
5633.979,0.01,ROSEN_2019,General,38,70,3.785710502,-71.49795284,15:00,corrosion,EXT,na,na,3,9,A
5634.157,0.01,ROSEN_2019,Pitting,24,44,3.785710681,-71.49795452,16:00,corrosion,EXT,na,na,3,9,A
5634.27,0.01,ROSEN_2019,Pitting,19,16,3.785710795,-71.49795558,17:00,corrosion,EXT,na,na,3,9,A
5634.283,0.01,ROSEN_2019,Pitting,22,32,3.785710808,-71.4979557,18:00,corrosion,EXT,na,na,3,9,A
5634.355,0.01,ROSEN_2019,Pitting,27,23,3.78571088,-71.49795638,19:00,corrosion,EXT,na,na,3,9,A
5634.428,0.01,ROSEN_2019,General,41,51,3.785710954,-71.49795707,20:00,corrosion,EXT,na,na,3,9,A
5634.57,0.01,ROSEN_2019,General,36,35,3.785711097,-71.49795841,21:00,corrosion,EXT,na,na,3,9,A
5634.586,0.01,ROSEN_2019,Pitting,26,22,3.785711113,-71.49795856,22:00,corrosion,EXT,na,na,3,9,A
5634.681,0.01,ROSEN_2019,Axial Grooving,47,22,3.785711208,-71.49795945,23:00,corrosion,EXT,na,na,3,9,A
5634.685,0.01,ROSEN_2019,General,41,36,3.785711212,-71.49795949,0:00,corrosion,EXT,na,na,3,9,A
5634.815,0.01,ROSEN_2019,General,31,37,3.785711343,-71.49796071,1:00,corrosion,EXT,na,na,3,9,A
5634.85,0.01,ROSEN_2019,Circumferential Grooving,23,51,3.785711378,-71.49796104,2:00,corrosion,EXT,na,na,3,9,A
5634.915,0.01,ROSEN_2019,General,35,60,3.785711444,-71.49796165,3:00,corrosion,EXT,na,na,3,9,A
5635.126,0.01,ROSEN_2019,Pitting,34,29,3.785711656,-71.49796364,4:00,corrosion,EXT,na,na,3,9,A
5635.132,0.01,ROSEN_2019,General,44,41,3.785711662,-71.4979637,5:00,corrosion,EXT,na,na,3,9,A
5635.311,0.01,ROSEN_2019,Pitting,11,15,3.785711842,-71.49796538,6:00,corrosion,EXT,na,na,3,9,A
5635.527,0.01,ROSEN_2019,Pitting,23,40,3.785712059,-71.49796741,7:00,corrosion,EXT,na,na,3,9,A
5636.451,0.01,ROSEN_2019,Circumferential Grooving,20,53,3.785712998,-71.49797611,8:00,corrosion,EXT,na,na,3,9,A
5636.457,0.01,ROSEN_2019,Axial Grooving,31,15,3.785713004,-71.49797616,9:00,corrosion,EXT,na,na,3,9,A
5636.519,0.01,ROSEN_2019,General,33,72,3.78571307,-71.49797675,10:00,corrosion,EXT,na,na,3,9,A
5636.536,0.01,ROSEN_2019,Pitting,25,15,3.785713088,-71.49797691,11:00,corrosion,EXT,na,na,3,9,A
6564.839,0.01,ROSEN_2019,Pitting,11,15,3.784390918,-71.50645412,12:00,corrosion,EXT,na,na,3,9,A
6977.369,0.01,ROSEN_2019,Pitting,11,15,3.784555636,-71.51029949,13:00,corrosion,EXT,na,na,3,9,A
7034.842,0.01,ROSEN_2019,Pitting,11,15,3.784755475,-71.51079866,14:00,corrosion,EXT,na,na,3,9,A
7125.555,0.01,ROSEN_2019,Pitting,13,15,3.784903414,-71.51164443,15:00,corrosion,EXT,na,na,3,9,A
7416.135,0.01,ROSEN_2019,Pitting,11,15,3.786386854,-71.51329692,16:00,corrosion,EXT,na,na,3,9,A
7631.495,0.01,ROSEN_2019,Pitting,12,15,3.788047625,-71.51437684,17:00,corrosion,EXT,na,na,3,9,A
7833.377,0.01,ROSEN_2019,Pitting,13,15,3.789464461,-71.51554928,18:00,corrosion,EXT,na,na,3,9,A
7836.245,0.01,ROSEN_2019,Pitting,15,24,3.789491605,-71.51554968,19:00,corrosion,EXT,na,na,3,9,A
7838.804,0.01,ROSEN_2019,Pitting,11,15,3.789515824,-71.51555005,20:00,corrosion,EXT,na,na,3,9,A
7846.812,0.01,ROSEN_2019,Pitting,12,17,3.78959156,-71.51555232,21:00,corrosion,EXT,na,na,3,9,A
7847.408,0.01,ROSEN_2019,Axial Grooving,40,20,3.789597183,-71.51555278,22:00,corrosion,EXT,na,na,3,9,A
8003.946,0.01,ROSEN_2019,Pitting,10,15,3.790612887,-71.51657144,23:00,corrosion,EXT,na,na,3,9,A
8247.295,0.01,ROSEN_2019,Pitting,26,24,3.792293504,-71.51807681,0:00,corrosion,EXT,na,na,3,9,A
8247.466,0.01,ROSEN_2019,Pitting,17,18,3.79229458,-71.51807802,1:00,corrosion,EXT,na,na,3,9,A
8247.881,0.01,ROSEN_2019,Pitting,20,21,3.792297192,-71.51808095,2:00,corrosion,EXT,na,na,3,9,A
8248.586,0.01,ROSEN_2019,General,45,42,3.792301629,-71.51808594,3:00,corrosion,EXT,na,na,3,9,A
8248.948,0.01,ROSEN_2019,Pitting,23,15,3.792303907,-71.5180885,4:00,corrosion,EXT,na,na,3,9,A
8249.891,0.01,ROSEN_2019,Pitting,26,23,3.792309842,-71.51809516,5:00,corrosion,EXT,na,na,3,9,A
8250.43,0.01,ROSEN_2019,General,45,37,3.792313234,-71.51809897,6:00,corrosion,EXT,na,na,3,9,A
8250.91,0.01,ROSEN_2019,General,34,41,3.792316255,-71.51810237,7:00,corrosion,EXT,na,na,3,9,A
8250.924,0.01,ROSEN_2019,Pitting,27,15,3.792316343,-71.51810247,8:00,corrosion,EXT,na,na,3,9,A
8251.131,0.01,ROSEN_2019,Pitting,16,19,3.792317645,-71.51810393,9:00,corrosion,EXT,na,na,3,9,A
8251.181,0.01,ROSEN_2019,General,52,34,3.79231796,-71.51810428,10:00,corrosion,EXT,na,na,3,9,A
8251.522,0.01,ROSEN_2019,General,41,44,3.792320106,-71.51810669,11:00,corrosion,EXT,na,na,3,9,A
8251.614,0.01,ROSEN_2019,Pitting,25,26,3.792320685,-71.51810735,12:00,corrosion,EXT,na,na,3,9,A
8251.781,0.01,ROSEN_2019,Pitting,17,15,3.792321736,-71.51810853,13:00,corrosion,EXT,na,na,3,9,A
8251.832,0.01,ROSEN_2019,Pitting,25,23,3.792322057,-71.51810889,14:00,corrosion,EXT,na,na,3,9,A
8251.922,0.01,ROSEN_2019,Pitting,28,19,3.792322623,-71.51810952,15:00,corrosion,EXT,na,na,3,9,A
8251.928,0.01,ROSEN_2019,General,35,57,3.792322661,-71.51810957,16:00,corrosion,EXT,na,na,3,9,A
8252.269,0.01,ROSEN_2019,Axial Grooving,37,15,3.792324832,-71.51811195,17:00,corrosion,EXT,na,na,3,9,A
8252.52,0.01,ROSEN_2019,Pitting,20,37,3.792326433,-71.51811371,18:00,corrosion,EXT,na,na,3,9,A
8252.705,0.01,ROSEN_2019,Pitting,18,18,3.792327613,-71.518115,19:00,corrosion,EXT,na,na,3,9,A
8252.733,0.01,ROSEN_2019,Pitting,14,15,3.792327792,-71.5181152,20:00,corrosion,EXT,na,na,3,9,A
8252.9,0.01,ROSEN_2019,Axial Grooving,45,15,3.792328857,-71.51811637,21:00,corrosion,EXT,na,na,3,9,A
8252.917,0.01,ROSEN_2019,Pitting,26,36,3.792328966,-71.51811649,22:00,corrosion,EXT,na,na,3,9,A
8253.123,0.01,ROSEN_2019,Pitting,14,21,3.79233028,-71.51811793,23:00,corrosion,EXT,na,na,3,9,A
8253.279,0.01,ROSEN_2019,General,42,31,3.792331275,-71.51811902,0:00,corrosion,EXT,na,na,3,9,A
8253.3,0.01,ROSEN_2019,General,41,34,3.792331409,-71.51811916,1:00,corrosion,EXT,na,na,3,9,A
8253.452,0.01,ROSEN_2019,Pitting,26,24,3.792332378,-71.51812023,2:00,corrosion,EXT,na,na,3,9,A
8253.455,0.01,ROSEN_2019,General,30,52,3.792332397,-71.51812025,3:00,corrosion,EXT,na,na,3,9,A
8253.573,0.01,ROSEN_2019,Pitting,22,27,3.79233315,-71.51812107,4:00,corrosion,EXT,na,na,3,9,A
8253.646,0.01,ROSEN_2019,General,35,34,3.792333616,-71.51812158,5:00,corrosion,EXT,na,na,3,9,A
8254.177,0.01,ROSEN_2019,Pitting,20,16,3.792337003,-71.5181253,6:00,corrosion,EXT,na,na,3,9,A
8254.193,0.01,ROSEN_2019,General,30,31,3.792337105,-71.51812541,7:00,corrosion,EXT,na,na,3,9,A
8254.195,0.01,ROSEN_2019,Axial Grooving,40,17,3.792337118,-71.51812542,8:00,corrosion,EXT,na,na,3,9,A
8254.51,0.01,ROSEN_2019,Pitting,25,21,3.792339127,-71.51812763,9:00,corrosion,EXT,na,na,3,9,A
8254.549,0.01,ROSEN_2019,Pitting,16,15,3.792339376,-71.5181279,10:00,corrosion,EXT,na,na,3,9,A
8254.598,0.01,ROSEN_2019,General,52,37,3.792339688,-71.51812824,11:00,corrosion,EXT,na,na,3,9,A
8254.615,0.01,ROSEN_2019,Axial Grooving,30,15,3.792339797,-71.51812836,12:00,corrosion,EXT,na,na,3,9,A
8254.632,0.01,ROSEN_2019,Pitting,22,23,3.792339905,-71.51812848,13:00,corrosion,EXT,na,na,3,9,A
8254.657,0.01,ROSEN_2019,Pitting,16,29,3.792340065,-71.51812865,14:00,corrosion,EXT,na,na,3,9,A
8255.141,0.01,ROSEN_2019,Pitting,28,53,3.792343152,-71.51813204,15:00,corrosion,EXT,na,na,3,9,A
8255.222,0.01,ROSEN_2019,General,30,32,3.792343669,-71.5181326,16:00,corrosion,EXT,na,na,3,9,A
8255.414,0.01,ROSEN_2019,Pitting,28,48,3.792344893,-71.51813395,17:00,corrosion,EXT,na,na,3,9,A
8255.416,0.01,ROSEN_2019,General,30,41,3.792344906,-71.51813396,18:00,corrosion,EXT,na,na,3,9,A
8255.569,0.01,ROSEN_2019,Pitting,18,15,3.792345882,-71.51813503,19:00,corrosion,EXT,na,na,3,9,A
8255.725,0.01,ROSEN_2019,Pitting,21,16,3.792346877,-71.51813612,20:00,corrosion,EXT,na,na,3,9,A
8255.852,0.01,ROSEN_2019,Pitting,21,25,3.792347687,-71.51813701,21:00,corrosion,EXT,na,na,3,9,A
8255.994,0.01,ROSEN_2019,Pitting,22,19,3.792348593,-71.518138,22:00,corrosion,EXT,na,na,3,9,A
8256.257,0.01,ROSEN_2019,Pitting,23,17,3.792350271,-71.51813984,23:00,corrosion,EXT,na,na,3,9,A
8256.264,0.01,ROSEN_2019,General,30,78,3.792350315,-71.51813989,0:00,corrosion,EXT,na,na,3,9,A
8257.196,0.01,ROSEN_2019,Pitting,20,22,3.79235626,-71.51814641,1:00,corrosion,EXT,na,na,3,9,A
8257.429,0.01,ROSEN_2019,Pitting,23,26,3.792357747,-71.51814804,2:00,corrosion,EXT,na,na,3,9,A
8257.461,0.01,ROSEN_2019,Pitting,18,15,3.792357951,-71.51814826,3:00,corrosion,EXT,na,na,3,9,A
8257.89,0.01,ROSEN_2019,Pitting,23,22,3.792360687,-71.51815126,4:00,corrosion,EXT,na,na,3,9,A
8258.251,0.01,ROSEN_2019,Axial Grooving,44,22,3.79236299,-71.51815379,5:00,corrosion,EXT,na,na,3,9,A
8258.279,0.01,ROSEN_2019,Pitting,19,15,3.792363169,-71.51815398,6:00,corrosion,EXT,na,na,3,9,A
8258.331,0.01,ROSEN_2019,Pitting,20,15,3.7923635,-71.51815435,7:00,corrosion,EXT,na,na,3,9,A
8258.382,0.01,ROSEN_2019,Pitting,41,28,3.792363826,-71.5181547,8:00,corrosion,EXT,na,na,3,9,A
8258.397,0.01,ROSEN_2019,Pitting,18,29,3.792363921,-71.51815481,9:00,corrosion,EXT,na,na,3,9,A
8258.507,0.01,ROSEN_2019,Pitting,20,22,3.792364623,-71.51815558,10:00,corrosion,EXT,na,na,3,9,A
8300.003,0.01,ROSEN_2019,Pitting,14,16,3.792631963,-71.51844331,11:00,corrosion,EXT,na,na,3,9,A
8300.887,0.01,ROSEN_2019,Pitting,16,19,3.792637739,-71.51844936,12:00,corrosion,EXT,na,na,3,9,A
8318.571,0.01,ROSEN_2019,Pitting,14,25,3.792745035,-71.51857746,13:00,corrosion,EXT,na,na,3,9,A
8319.093,0.01,ROSEN_2019,Pitting,19,25,3.792747782,-71.51858157,14:00,corrosion,EXT,na,na,3,9,A
8329.604,0.01,ROSEN_2019,Pitting,23,27,3.792801848,-71.51866503,15:00,corrosion,EXT,na,na,3,9,A
8329.617,0.01,ROSEN_2019,Pitting,20,16,3.792801908,-71.51866513,16:00,corrosion,EXT,na,na,3,9,A
8329.936,0.01,ROSEN_2019,General,36,39,3.79280338,-71.51866777,17:00,corrosion,EXT,na,na,3,9,A
8330.016,0.01,ROSEN_2019,Pitting,16,15,3.792803749,-71.51866843,18:00,corrosion,EXT,na,na,3,9,A
8330.096,0.01,ROSEN_2019,General,43,35,3.792804118,-71.51866909,19:00,corrosion,EXT,na,na,3,9,A
8330.567,0.01,ROSEN_2019,Pitting,27,34,3.79280629,-71.51867299,20:00,corrosion,EXT,na,na,3,9,A
8330.677,0.01,ROSEN_2019,General,45,42,3.792806797,-71.5186739,21:00,corrosion,EXT,na,na,3,9,A
8330.848,0.01,ROSEN_2019,Pitting,20,15,3.792807586,-71.51867531,22:00,corrosion,EXT,na,na,3,9,A
8330.858,0.01,ROSEN_2019,General,36,63,3.792807632,-71.51867539,23:00,corrosion,EXT,na,na,3,9,A
8330.859,0.01,ROSEN_2019,General,33,50,3.792807636,-71.5186754,0:00,corrosion,EXT,na,na,3,9,A
8331.032,0.01,ROSEN_2019,Pitting,33,25,3.792808434,-71.51867683,1:00,corrosion,EXT,na,na,3,9,A
8331.107,0.01,ROSEN_2019,General,45,56,3.79280878,-71.51867745,2:00,corrosion,EXT,na,na,3,9,A
8331.33,0.01,ROSEN_2019,Pitting,15,16,3.792809809,-71.51867929,3:00,corrosion,EXT,na,na,3,9,A
8331.753,0.01,ROSEN_2019,Pitting,29,26,3.79281176,-71.51868279,4:00,corrosion,EXT,na,na,3,9,A
8332.177,0.01,ROSEN_2019,Pitting,17,19,3.792813715,-71.51868629,5:00,corrosion,EXT,na,na,3,9,A
8890.751,0.01,ROSEN_2019,Pitting,13,15,3.797271238,-71.51930675,6:00,corrosion,EXT,na,na,3,9,A
9226.515,0.01,ROSEN_2019,Pitting,12,15,3.799411277,-71.52155799,7:00,corrosion,EXT,na,na,3,9,A
9228.714,0.01,ROSEN_2019,Pitting,22,24,3.799423375,-71.52157492,8:00,corrosion,EXT,na,na,3,9,A
9229.176,0.01,ROSEN_2019,Pitting,26,29,3.799425916,-71.52157848,9:00,corrosion,EXT,na,na,3,9,A
9229.67,0.01,ROSEN_2019,General,42,41,3.799428634,-71.52158229,10:00,corrosion,EXT,na,na,3,9,A
9229.673,0.01,ROSEN_2019,Axial Grooving,53,15,3.79942865,-71.52158231,11:00,corrosion,EXT,na,na,3,9,A
9229.783,0.01,ROSEN_2019,Pitting,40,22,3.799429255,-71.52158316,12:00,corrosion,EXT,na,na,3,9,A
9956.142,0.01,ROSEN_2019,Pitting,12,15,3.801776709,-71.52781555,13:00,corrosion,EXT,na,na,3,9,A
10004.478,0.01,ROSEN_2019,Pitting,15,18,3.802041142,-71.52818884,14:00,corrosion,EXT,na,na,3,9,A
10004.656,0.01,ROSEN_2019,Pitting,18,19,3.802042137,-71.5281902,15:00,corrosion,EXT,na,na,3,9,A
10004.73,0.01,ROSEN_2019,Pitting,29,31,3.802042551,-71.52819077,16:00,corrosion,EXT,na,na,3,9,A
10004.917,0.01,ROSEN_2019,Pitting,19,25,3.802043597,-71.5281922,17:00,corrosion,EXT,na,na,3,9,A
10005.158,0.01,ROSEN_2019,Pitting,12,15,3.802044945,-71.52819404,18:00,corrosion,EXT,na,na,3,9,A
10005.325,0.01,ROSEN_2019,Pitting,25,40,3.802045879,-71.52819531,19:00,corrosion,EXT,na,na,3,9,A
10005.821,0.01,ROSEN_2019,Pitting,25,29,3.802048654,-71.5281991,20:00,corrosion,EXT,na,na,3,9,A
10005.862,0.01,ROSEN_2019,Pitting,20,36,3.802048883,-71.52819941,21:00,corrosion,EXT,na,na,3,9,A
10005.879,0.01,ROSEN_2019,Pitting,45,24,3.802048978,-71.52819954,22:00,corrosion,EXT,na,na,3,9,A
10005.952,0.01,ROSEN_2019,Pitting,13,17,3.802049386,-71.5282001,23:00,corrosion,EXT,na,na,3,9,A
10011.975,0.01,ROSEN_2019,Pitting,11,15,3.80208275,-71.52824632,0:00,corrosion,EXT,na,na,3,9,A
10018.116,0.01,ROSEN_2019,Pitting,10,15,3.802115298,-71.52829448,1:00,corrosion,EXT,na,na,3,9,A
10018.186,0.01,ROSEN_2019,Pitting,11,20,3.802115669,-71.52829503,2:00,corrosion,EXT,na,na,3,9,A
10029.259,0.01,ROSEN_2019,Pitting,12,19,3.802173085,-71.52838271,3:00,corrosion,EXT,na,na,3,9,A
10029.32,0.01,ROSEN_2019,Axial Grooving,38,19,3.802173399,-71.52838319,4:00,corrosion,EXT,na,na,3,9,A
10029.352,0.01,ROSEN_2019,General,40,32,3.802173564,-71.52838345,5:00,corrosion,EXT,na,na,3,9,A
10029.366,0.01,ROSEN_2019,Pitting,14,15,3.802173637,-71.52838356,6:00,corrosion,EXT,na,na,3,9,A
10030.882,0.01,ROSEN_2019,Pitting,20,22,3.802181456,-71.52839559,7:00,corrosion,EXT,na,na,3,9,A
10031.324,0.01,ROSEN_2019,Pitting,13,15,3.802183735,-71.5283991,8:00,corrosion,EXT,na,na,3,9,A
10031.542,0.01,ROSEN_2019,General,35,47,3.80218486,-71.52840083,9:00,corrosion,EXT,na,na,3,9,A
10031.796,0.01,ROSEN_2019,Pitting,25,33,3.80218617,-71.52840285,10:00,corrosion,EXT,na,na,3,9,A
10031.796,0.01,ROSEN_2019,General,54,66,3.80218617,-71.52840285,11:00,corrosion,EXT,na,na,3,9,A
10032.155,0.01,ROSEN_2019,Pitting,25,28,3.802188021,-71.5284057,12:00,corrosion,EXT,na,na,3,9,A
10033.31,0.01,ROSEN_2019,Pitting,27,23,3.802193979,-71.52841486,13:00,corrosion,EXT,na,na,3,9,A
10033.551,0.01,ROSEN_2019,Pitting,14,16,3.802195222,-71.52841678,14:00,corrosion,EXT,na,na,3,9,A
10269.658,0.01,ROSEN_2019,Pitting,17,15,3.801655465,-71.5292559,15:00,corrosion,EXT,na,na,3,9,A
10269.953,0.01,ROSEN_2019,Pitting,24,15,3.801652817,-71.52925679,16:00,corrosion,EXT,na,na,3,9,A
10269.968,0.01,ROSEN_2019,General,31,57,3.801652683,-71.52925683,17:00,corrosion,EXT,na,na,3,9,A
10270.052,0.01,ROSEN_2019,Pitting,21,16,3.801651929,-71.52925708,18:00,corrosion,EXT,na,na,3,9,A
10270.072,0.01,ROSEN_2019,Pitting,12,16,3.80165175,-71.52925714,19:00,corrosion,EXT,na,na,3,9,A
10270.102,0.01,ROSEN_2019,Pitting,17,15,3.80165148,-71.52925723,20:00,corrosion,EXT,na,na,3,9,A
10270.156,0.01,ROSEN_2019,Pitting,14,16,3.801650996,-71.5292574,21:00,corrosion,EXT,na,na,3,9,A
10270.448,0.01,ROSEN_2019,Pitting,15,28,3.801648376,-71.52925828,22:00,corrosion,EXT,na,na,3,9,A
10270.455,0.01,ROSEN_2019,General,46,43,3.801648313,-71.5292583,23:00,corrosion,EXT,na,na,3,9,A
10270.544,0.01,ROSEN_2019,Pitting,24,24,3.801647514,-71.52925857,0:00,corrosion,EXT,na,na,3,9,A
10270.621,0.01,ROSEN_2019,Circumferential Slotting,9,15,3.801646823,-71.5292588,1:00,corrosion,EXT,na,na,3,9,A
10270.622,0.01,ROSEN_2019,Pitting,13,15,3.801646814,-71.5292588,2:00,corrosion,EXT,na,na,3,9,A
10270.656,0.01,ROSEN_2019,Circumferential Grooving,24,69,3.801646509,-71.5292589,3:00,corrosion,EXT,na,na,3,9,A
10270.688,0.01,ROSEN_2019,Circumferential Grooving,14,30,3.801646222,-71.529259,4:00,corrosion,EXT,na,na,3,9,A
10278.32,0.01,ROSEN_2019,Pitting,10,15,3.801582053,-71.52929,5:00,corrosion,EXT,na,na,3,9,A
10278.339,0.01,ROSEN_2019,Circumferential Grooving,14,29,3.801581911,-71.52929011,6:00,corrosion,EXT,na,na,3,9,A
10282.565,0.01,ROSEN_2019,Pitting,11,16,3.80155041,-71.52931477,7:00,corrosion,EXT,na,na,3,9,A
10283.607,0.01,ROSEN_2019,Pitting,10,16,3.801542643,-71.52932084,8:00,corrosion,EXT,na,na,3,9,A
10293.667,0.01,ROSEN_2019,Circumferential Grooving,13,27,3.801476304,-71.52938896,9:00,corrosion,EXT,na,na,3,9,A
10293.959,0.01,ROSEN_2019,Circumferential Grooving,11,24,3.80147442,-71.52939098,10:00,corrosion,EXT,na,na,3,9,A
10297.315,0.01,ROSEN_2019,Pitting,14,16,3.801455664,-71.52941658,11:00,corrosion,EXT,na,na,3,9,A
10297.712,0.01,ROSEN_2019,Pitting,13,15,3.801453501,-71.52941965,12:00,corrosion,EXT,na,na,3,9,A
10304.343,0.01,ROSEN_2019,Pitting,13,17,3.80141737,-71.52947097,13:00,corrosion,EXT,na,na,3,9,A
